<application>
  <component name="AppInspectionProfilesVisibleTreeState">
    <entry key="Default">
      <profile-state>
        <expanded-state>
          <State />
        </expanded-state>
        <selected-state>
          <State>
            <id>C/C++</id>
          </State>
        </selected-state>
      </profile-state>
    </entry>
    <entry key="DefaultSavePower">
      <profile-state>
        <expanded-state>
          <State />
          <State>
            <id>C/C++</id>
          </State>
          <State>
            <id>Data flow analysisC/C++</id>
          </State>
          <State>
            <id>Declaration orderC/C++</id>
          </State>
          <State>
            <id>FunctionsC/C++</id>
          </State>
          <State>
            <id>GeneralC/C++</id>
          </State>
          <State>
            <id>RELAX NG</id>
          </State>
          <State>
            <id>Type checksC/C++</id>
          </State>
        </expanded-state>
        <selected-state>
          <State>
            <id>Python</id>
          </State>
        </selected-state>
      </profile-state>
    </entry>
    <entry key="MyProject Default">
      <profile-state>
        <expanded-state>
          <State />
          <State>
            <id>常规</id>
          </State>
        </expanded-state>
        <selected-state>
          <State>
            <id>常规</id>
          </State>
        </selected-state>
      </profile-state>
    </entry>
  </component>
  <component name="CppNewDialogSettings">
    <option name="addNewFilesToProject" value="false" />
  </component>
  <component name="PropertiesComponent">
    <property name="ColorChooser.RecentColors" value="195-53-98-255,,,195-77-133-255,,,177-70-120-255,,,175-195-120-255,,,195-143-144-255,,,195-121-134-255,,,169-195-123-255,,,195-190-125-255,,,192-195-101-255,,,175-195-110-255,,,193-195-111-255,,,126-195-151-255,,,154-137-195-255,,,195-132-143-255,,,188-195-77-255,,,195-109-33-255,,,125-153-227-255,,,119-169-167-255,,,115-166-164-255,,,93-140-138-255" />
    <property name="CommitChangeListDialog.DETAILS_SPLITTER_PROPORTION_2" value="0.67826086" />
    <property name="Darcula.SavedEditorTheme" value="_@user_Material Darker" />
    <property name="Default.SavedEditorTheme" value="_@user_Default" />
    <property name="ExpandBeforeRunStepsPanel" value="true" />
    <property name="ExpandRunDashboardTypesPanel" value="false" />
    <property name="FileTemplates.SelectedTemplate" value="CMakeLists.txt" />
    <property name="INSPECTION_FILTER_HISTORY" value="overload" />
    <property name="KEYMAP" value="select&#10;驼峰" />
    <property name="MemberChooser.showClasses" value="true" />
    <property name="PluginConfigurable.selectionTab" value="1" />
    <property name="SettingsSearchHistory" value="font&#10;template&#10;touch&#10;whole&#10;select whole" />
    <property name="TrendingPluginsSearchHistory" value="theme&#10;vscode" />
    <property name="export.settings.path" value="$USER_HOME$/CCppCode/ClionConfig/setting/Clion_settings_210923.zip" />
    <property name="file.gist.reindex.count" value="2058" />
    <property name="fileTypeChangedCounter" value="8" />
    <property name="last.imported.location" value="$USER_HOME$/CCppCode/dataStruct/Search" />
    <property name="lastTip" value="15" />
    <property name="org.intellij.images.editor.actions.BackgroundImageDialog#recent" value="" />
    <property name="selected.color.option.type" value="OC.OVERLOADED_OPERATOR" />
    <property name="settings.code.style.selected.tab.CMake" value="tab 和缩进" />
    <property name="settings.code.style.selected.tab.ObjectiveC" value="空行" />
  </component>
</application>