<profile version="1.0" is_locked="true">
  <option name="myName" value="DefaultSavePower" />
  <inspection_tool class="ARCIssues" enabled="true" level="ERROR" enabled_by_default="true" />
  <inspection_tool class="AccessorsWereOverridden" enabled="false" level="WARNING" enabled_by_default="false" />
  <inspection_tool class="AlwaysNilVariable" enabled="false" level="WARNING" enabled_by_default="false" />
  <inspection_tool class="Annotator" enabled="true" level="ERROR" enabled_by_default="true" />
  <inspection_tool class="ArgumentSelectionDefectsInspection" enabled="true" level="WARNING" enabled_by_default="true" />
  <inspection_tool class="ArrayIssues" enabled="true" level="ERROR" enabled_by_default="true" />
  <inspection_tool class="AssociatedTypeMismatch" enabled="false" level="WARNING" enabled_by_default="false" />
  <inspection_tool class="BridgeCastIssues" enabled="true" level="ERROR" enabled_by_default="true" />
  <inspection_tool class="CallDealloc" enabled="false" level="WARNING" enabled_by_default="false" />
  <inspection_tool class="CannotResolve" enabled="true" level="ERROR" enabled_by_default="true" />
  <inspection_tool class="CheckDtdRefs" enabled="false" level="ERROR" enabled_by_default="false" />
  <inspection_tool class="CheckEmptyScriptTag" enabled="false" level="WARNING" enabled_by_default="false" />
  <inspection_tool class="CheckTagEmptyBody" enabled="false" level="WARNING" enabled_by_default="false" />
  <inspection_tool class="CheckValidXmlInScriptTagBody" enabled="false" level="ERROR" enabled_by_default="false" />
  <inspection_tool class="CheckXmlFileWithXercesValidator" enabled="false" level="ERROR" enabled_by_default="false" />
  <inspection_tool class="ClangTidyInspection" enabled="true" level="WARNING" enabled_by_default="true" />
  <inspection_tool class="CommandLineInspection" enabled="false" level="WARNING" enabled_by_default="false" />
  <inspection_tool class="ConstExpressionRequired" enabled="true" level="ERROR" enabled_by_default="true" />
  <inspection_tool class="ConstructionIsNotAllowed" enabled="true" level="ERROR" enabled_by_default="true" />
  <inspection_tool class="DeprecatedAPI" enabled="true" level="WARNING" enabled_by_default="true" />
  <inspection_tool class="DerivedFunctionsReturnTypeMismatch" enabled="true" level="ERROR" enabled_by_default="true" />
  <inspection_tool class="DuplicateAttribute" enabled="false" level="WARNING" enabled_by_default="false" />
  <inspection_tool class="DuplicateDeclarations" enabled="true" level="ERROR" enabled_by_default="true" />
  <inspection_tool class="DuplicateSwitchCase" enabled="true" level="WARNING" enabled_by_default="true" />
  <inspection_tool class="EndlessLoop" enabled="true" level="WARNING" enabled_by_default="true" />
  <inspection_tool class="EqualityInConditionalOperator" enabled="true" level="WARNING" enabled_by_default="true" />
  <inspection_tool class="EqualityInConditionalOperatorWithSelf" enabled="false" level="WARNING" enabled_by_default="false" />
  <inspection_tool class="FieldMustBeInitialized" enabled="true" level="ERROR" enabled_by_default="true" />
  <inspection_tool class="FormatSpecifiers" enabled="true" level="WARNING" enabled_by_default="true" />
  <inspection_tool class="FunctionImplicitDeclarationInspection" enabled="true" level="WARNING" enabled_by_default="true" />
  <inspection_tool class="FunctionParameterCountMismatch" enabled="true" level="ERROR" enabled_by_default="true" />
  <inspection_tool class="HidesClassScope" enabled="false" level="WARNING" enabled_by_default="false" />
  <inspection_tool class="HidesUpperScope" enabled="true" level="WARNING" enabled_by_default="true" />
  <inspection_tool class="HidingNonVirtualFunction" enabled="true" level="WARNING" enabled_by_default="true" />
  <inspection_tool class="HtmlExtraClosingTag" enabled="false" level="WARNING" enabled_by_default="false" />
  <inspection_tool class="HtmlMissingClosingTag" enabled="false" level="INFORMATION" enabled_by_default="false" />
  <inspection_tool class="HtmlUnknownAnchorTarget" enabled="false" level="WARNING" enabled_by_default="false" />
  <inspection_tool class="HtmlUnknownAttribute" enabled="false" level="WARNING" enabled_by_default="false">
    <option name="myValues">
      <value>
        <list size="0" />
      </value>
    </option>
    <option name="myCustomValuesEnabled" value="true" />
  </inspection_tool>
  <inspection_tool class="HtmlUnknownBooleanAttribute" enabled="false" level="WARNING" enabled_by_default="false" />
  <inspection_tool class="HtmlUnknownTag" enabled="false" level="WARNING" enabled_by_default="false">
    <option name="myValues">
      <value>
        <list size="6">
          <item index="0" class="java.lang.String" itemvalue="nobr" />
          <item index="1" class="java.lang.String" itemvalue="noembed" />
          <item index="2" class="java.lang.String" itemvalue="comment" />
          <item index="3" class="java.lang.String" itemvalue="noscript" />
          <item index="4" class="java.lang.String" itemvalue="embed" />
          <item index="5" class="java.lang.String" itemvalue="script" />
        </list>
      </value>
    </option>
    <option name="myCustomValuesEnabled" value="true" />
  </inspection_tool>
  <inspection_tool class="HtmlUnknownTarget" enabled="false" level="WARNING" enabled_by_default="false" />
  <inspection_tool class="ImplementationHasNoInterface" enabled="false" level="WARNING" enabled_by_default="false" />
  <inspection_tool class="ImplicitDeclarationOfIvar" enabled="false" level="WARNING" enabled_by_default="false" />
  <inspection_tool class="ImplicitIntegerAndEnumConversion" enabled="true" level="WARNING" enabled_by_default="true" />
  <inspection_tool class="ImplicitPointerAndIntegerConversion" enabled="true" level="WARNING" enabled_by_default="true" />
  <inspection_tool class="IncompatibleEnums" enabled="true" level="WARNING" enabled_by_default="true" />
  <inspection_tool class="IncompatibleInitializers" enabled="true" level="WARNING" enabled_by_default="true" />
  <inspection_tool class="IncompatiblePointers" enabled="true" level="WARNING" enabled_by_default="true" />
  <inspection_tool class="IncompatibleTypes" enabled="true" level="ERROR" enabled_by_default="true" />
  <inspection_tool class="InconsistentLineSeparators" enabled="false" level="WARNING" enabled_by_default="false" />
  <inspection_tool class="InfiniteRecursion" enabled="true" level="WARNING" enabled_by_default="true" />
  <inspection_tool class="InitializationIssue" enabled="true" level="ERROR" enabled_by_default="true" />
  <inspection_tool class="InitializerIssues" enabled="true" level="ERROR" enabled_by_default="true" />
  <inspection_tool class="IntegerTypeRequired" enabled="true" level="ERROR" enabled_by_default="true" />
  <inspection_tool class="InterfaceHasNoImplementation" enabled="false" level="WARNING" enabled_by_default="false" />
  <inspection_tool class="Json5StandardCompliance" enabled="false" level="ERROR" enabled_by_default="false" />
  <inspection_tool class="JsonDuplicatePropertyKeys" enabled="false" level="WARNING" enabled_by_default="false" />
  <inspection_tool class="JsonSchemaCompliance" enabled="false" level="WARNING" enabled_by_default="false" />
  <inspection_tool class="JsonSchemaRefReference" enabled="false" level="WARNING" enabled_by_default="false" />
  <inspection_tool class="JsonStandardCompliance" enabled="false" level="ERROR" enabled_by_default="false" />
  <inspection_tool class="KRUnspecifiedParameters" enabled="true" level="WARNING" enabled_by_default="true" />
  <inspection_tool class="KeyValueCodingInspection" enabled="false" level="WARNING" enabled_by_default="false" />
  <inspection_tool class="LastArgumentMustBeNull" enabled="false" level="WARNING" enabled_by_default="false" />
  <inspection_tool class="LocalValueEscapesScope" enabled="true" level="WARNING" enabled_by_default="true" />
  <inspection_tool class="LongLine" enabled="false" level="WARNING" enabled_by_default="false" />
  <inspection_tool class="LossyEncoding" enabled="true" level="WARNING" enabled_by_default="true" />
  <inspection_tool class="MarkdownUnresolvedFileReference" enabled="false" level="WARNING" enabled_by_default="false" />
  <inspection_tool class="MemberVisibility" enabled="true" level="ERROR" enabled_by_default="true" />
  <inspection_tool class="MethodIsLaterInTheScope" enabled="false" level="WARNING" enabled_by_default="false" />
  <inspection_tool class="MethodParameterCountMismatch" enabled="true" level="ERROR" enabled_by_default="true" />
  <inspection_tool class="MissingReturn" enabled="true" level="WARNING" enabled_by_default="true" />
  <inspection_tool class="MissingSwitchCase" enabled="true" level="WARNING" enabled_by_default="true" />
  <inspection_tool class="MysqlParsingInspection" enabled="false" level="WARNING" enabled_by_default="false" />
  <inspection_tool class="NoAttributeForProperty" enabled="false" level="WARNING" enabled_by_default="false" />
  <inspection_tool class="NoClassDefinition" enabled="false" level="WARNING" enabled_by_default="false" />
  <inspection_tool class="NoDefaultBaseConstructor" enabled="true" level="ERROR" enabled_by_default="true" />
  <inspection_tool class="NoGetterOrSetter" enabled="false" level="WARNING" enabled_by_default="false" />
  <inspection_tool class="NonAsciiCharacters" enabled="true" level="WARNING" enabled_by_default="true" />
  <inspection_tool class="NotAssignable" enabled="true" level="ERROR" enabled_by_default="true" />
  <inspection_tool class="NotImplementedFunctions" enabled="true" level="WARNING" enabled_by_default="true" />
  <inspection_tool class="NotImplementedMethods" enabled="false" level="WARNING" enabled_by_default="false" />
  <inspection_tool class="NotImplementsProtocol" enabled="false" level="WARNING" enabled_by_default="false" />
  <inspection_tool class="NotInHierarchyMessage" enabled="false" level="WARNING" enabled_by_default="false" />
  <inspection_tool class="NotInitializedVariable" enabled="true" level="WARNING" enabled_by_default="true" />
  <inspection_tool class="NotReleasedValue" enabled="false" level="WARNING" enabled_by_default="false" />
  <inspection_tool class="NotSuperclass" enabled="true" level="WARNING" enabled_by_default="true" />
  <inspection_tool class="NotVisibleClass" enabled="false" level="WARNING" enabled_by_default="false" />
  <inspection_tool class="OCDFAInspection" enabled="true" level="WARNING" enabled_by_default="true" />
  <inspection_tool class="OCGlobalUnused" enabled="true" level="WARNING" enabled_by_default="true" />
  <inspection_tool class="OCLegacyObjCLiteralInspection" enabled="false" level="WARNING" enabled_by_default="false" />
  <inspection_tool class="OCLoopDoesntUseConditionVariableInspection" enabled="true" level="WARNING" enabled_by_default="true" />
  <inspection_tool class="OCNotLocalizedStringInspection" enabled="false" level="WARNING" enabled_by_default="false" />
  <inspection_tool class="OCNotReleasedIvarInspection" enabled="false" level="WARNING" enabled_by_default="false" />
  <inspection_tool class="OCSimplifyInspection" enabled="true" level="WARNING" enabled_by_default="true" />
  <inspection_tool class="OCUnusedClassInspection" enabled="true" level="WARNING" enabled_by_default="true" />
  <inspection_tool class="OCUnusedGlobalDeclarationInspection" enabled="true" level="WARNING" enabled_by_default="true" />
  <inspection_tool class="OCUnusedInstanceVariableInspection" enabled="true" level="WARNING" enabled_by_default="true" />
  <inspection_tool class="OCUnusedMacroInspection" enabled="true" level="WARNING" enabled_by_default="true" />
  <inspection_tool class="OCUnusedMethodInspection" enabled="true" level="WARNING" enabled_by_default="true" />
  <inspection_tool class="OCUnusedPropertyInspection" enabled="true" level="WARNING" enabled_by_default="true" />
  <inspection_tool class="OCUnusedStructInspection" enabled="true" level="WARNING" enabled_by_default="true" />
  <inspection_tool class="OCUnusedTemplateParameterInspection" enabled="true" level="WARNING" enabled_by_default="true" />
  <inspection_tool class="ObsoleteNSLiteral" enabled="false" level="WARNING" enabled_by_default="false" />
  <inspection_tool class="OtherCpp" enabled="true" level="ERROR" enabled_by_default="true" />
  <inspection_tool class="OtherObjC" enabled="true" level="ERROR" enabled_by_default="true" />
  <inspection_tool class="OverriddenAttributeMismatch" enabled="false" level="WARNING" enabled_by_default="false" />
  <inspection_tool class="OverriddenTypeMismatch" enabled="false" level="WARNING" enabled_by_default="false" />
  <inspection_tool class="PgSelectFromProcedureInspection" enabled="false" level="WARNING" enabled_by_default="false" />
  <inspection_tool class="PointerTypeRequired" enabled="true" level="ERROR" enabled_by_default="true" />
  <inspection_tool class="PrivateCategoryShouldBeNearImplementation" enabled="false" level="WARNING" enabled_by_default="false" />
  <inspection_tool class="ProblematicWhitespace" enabled="false" level="WARNING" enabled_by_default="false" />
  <inspection_tool class="PropertyAndIvarTypeMismatch" enabled="false" level="WARNING" enabled_by_default="false" />
  <inspection_tool class="PyAbstractClassInspection" enabled="false" level="WEAK WARNING" enabled_by_default="false" />
  <inspection_tool class="PyArgumentEqualDefaultInspection" enabled="false" level="WEAK WARNING" enabled_by_default="false" />
  <inspection_tool class="PyArgumentListInspection" enabled="false" level="WARNING" enabled_by_default="false" />
  <inspection_tool class="PyAssignmentToLoopOrWithParameterInspection" enabled="false" level="WEAK WARNING" enabled_by_default="false" />
  <inspection_tool class="PyAsyncCallInspection" enabled="false" level="WARNING" enabled_by_default="false" />
  <inspection_tool class="PyAttributeOutsideInitInspection" enabled="false" level="WEAK WARNING" enabled_by_default="false" />
  <inspection_tool class="PyAugmentAssignmentInspection" enabled="false" level="WEAK WARNING" enabled_by_default="false" />
  <inspection_tool class="PyBroadExceptionInspection" enabled="false" level="WEAK WARNING" enabled_by_default="false" />
  <inspection_tool class="PyByteLiteralInspection" enabled="false" level="WARNING" enabled_by_default="false" />
  <inspection_tool class="PyCallByClassInspection" enabled="false" level="WEAK WARNING" enabled_by_default="false" />
  <inspection_tool class="PyCallingNonCallableInspection" enabled="false" level="WARNING" enabled_by_default="false" />
  <inspection_tool class="PyChainedComparisonsInspection" enabled="false" level="WEAK WARNING" enabled_by_default="false" />
  <inspection_tool class="PyClassHasNoInitInspection" enabled="false" level="WEAK WARNING" enabled_by_default="false" />
  <inspection_tool class="PyClassicStyleClassInspection" enabled="false" level="WARNING" enabled_by_default="false" />
  <inspection_tool class="PyComparisonWithNoneInspection" enabled="false" level="WEAK WARNING" enabled_by_default="false" />
  <inspection_tool class="PyCompatibilityInspection" enabled="false" level="WARNING" enabled_by_default="false">
    <option name="ourVersions">
      <value>
        <list size="2">
          <item index="0" class="java.lang.String" itemvalue="2.7" />
          <item index="1" class="java.lang.String" itemvalue="3.7" />
        </list>
      </value>
    </option>
  </inspection_tool>
  <inspection_tool class="PyDataclassInspection" enabled="false" level="WARNING" enabled_by_default="false" />
  <inspection_tool class="PyDecoratorInspection" enabled="false" level="WARNING" enabled_by_default="false" />
  <inspection_tool class="PyDefaultArgumentInspection" enabled="false" level="WARNING" enabled_by_default="false" />
  <inspection_tool class="PyDeprecationInspection" enabled="false" level="WARNING" enabled_by_default="false" />
  <inspection_tool class="PyDictCreationInspection" enabled="false" level="WEAK WARNING" enabled_by_default="false" />
  <inspection_tool class="PyDictDuplicateKeysInspection" enabled="false" level="WARNING" enabled_by_default="false" />
  <inspection_tool class="PyDocstringTypesInspection" enabled="false" level="WEAK WARNING" enabled_by_default="false" />
  <inspection_tool class="PyDunderSlotsInspection" enabled="false" level="WARNING" enabled_by_default="false" />
  <inspection_tool class="PyExceptClausesOrderInspection" enabled="false" level="WARNING" enabled_by_default="false" />
  <inspection_tool class="PyExceptionInheritInspection" enabled="false" level="WARNING" enabled_by_default="false" />
  <inspection_tool class="PyFromFutureImportInspection" enabled="false" level="WARNING" enabled_by_default="false" />
  <inspection_tool class="PyGlobalUndefinedInspection" enabled="false" level="WEAK WARNING" enabled_by_default="false" />
  <inspection_tool class="PyInconsistentIndentationInspection" enabled="false" level="WARNING" enabled_by_default="false" />
  <inspection_tool class="PyIncorrectDocstringInspection" enabled="false" level="WEAK WARNING" enabled_by_default="false" />
  <inspection_tool class="PyInitNewSignatureInspection" enabled="false" level="WARNING" enabled_by_default="false" />
  <inspection_tool class="PyInterpreterInspection" enabled="false" level="WARNING" enabled_by_default="false" />
  <inspection_tool class="PyListCreationInspection" enabled="false" level="WEAK WARNING" enabled_by_default="false" />
  <inspection_tool class="PyMandatoryEncodingInspection" enabled="false" level="WARNING" enabled_by_default="false" />
  <inspection_tool class="PyMethodFirstArgAssignmentInspection" enabled="false" level="WARNING" enabled_by_default="false" />
  <inspection_tool class="PyMethodMayBeStaticInspection" enabled="false" level="WEAK WARNING" enabled_by_default="false" />
  <inspection_tool class="PyMethodOverridingInspection" enabled="false" level="WARNING" enabled_by_default="false" />
  <inspection_tool class="PyMethodParametersInspection" enabled="false" level="WEAK WARNING" enabled_by_default="false" />
  <inspection_tool class="PyMissingConstructorInspection" enabled="false" level="WARNING" enabled_by_default="false" />
  <inspection_tool class="PyMissingOrEmptyDocstringInspection" enabled="false" level="WEAK WARNING" enabled_by_default="false" />
  <inspection_tool class="PyMissingTypeHintsInspection" enabled="false" level="WEAK WARNING" enabled_by_default="false" />
  <inspection_tool class="PyNamedTupleInspection" enabled="false" level="WARNING" enabled_by_default="false" />
  <inspection_tool class="PyNestedDecoratorsInspection" enabled="false" level="WEAK WARNING" enabled_by_default="false" />
  <inspection_tool class="PyNonAsciiCharInspection" enabled="false" level="WARNING" enabled_by_default="false" />
  <inspection_tool class="PyNoneFunctionAssignmentInspection" enabled="false" level="WEAK WARNING" enabled_by_default="false" />
  <inspection_tool class="PyOldStyleClassesInspection" enabled="false" level="WARNING" enabled_by_default="false" />
  <inspection_tool class="PyOverloadsInspection" enabled="false" level="WARNING" enabled_by_default="false" />
  <inspection_tool class="PyPackageRequirementsInspection" enabled="false" level="WARNING" enabled_by_default="false">
    <option name="ignoredPackages">
      <value>
        <list size="0" />
      </value>
    </option>
  </inspection_tool>
  <inspection_tool class="PyPep8Inspection" enabled="false" level="WEAK WARNING" enabled_by_default="false" />
  <inspection_tool class="PyPep8NamingInspection" enabled="false" level="WEAK WARNING" enabled_by_default="false" />
  <inspection_tool class="PyPropertyAccessInspection" enabled="false" level="WARNING" enabled_by_default="false" />
  <inspection_tool class="PyPropertyDefinitionInspection" enabled="false" level="WARNING" enabled_by_default="false" />
  <inspection_tool class="PyProtectedMemberInspection" enabled="false" level="WEAK WARNING" enabled_by_default="false" />
  <inspection_tool class="PyProtocolInspection" enabled="false" level="WARNING" enabled_by_default="false" />
  <inspection_tool class="PyRedeclarationInspection" enabled="false" level="WARNING" enabled_by_default="false" />
  <inspection_tool class="PyRedundantParenthesesInspection" enabled="false" level="WEAK WARNING" enabled_by_default="false" />
  <inspection_tool class="PyReturnFromInitInspection" enabled="false" level="WARNING" enabled_by_default="false" />
  <inspection_tool class="PySetFunctionToLiteralInspection" enabled="false" level="WARNING" enabled_by_default="false" />
  <inspection_tool class="PyShadowingBuiltinsInspection" enabled="false" level="WEAK WARNING" enabled_by_default="false" />
  <inspection_tool class="PyShadowingNamesInspection" enabled="false" level="WEAK WARNING" enabled_by_default="false" />
  <inspection_tool class="PySimplifyBooleanCheckInspection" enabled="false" level="WEAK WARNING" enabled_by_default="false" />
  <inspection_tool class="PySingleQuotedDocstringInspection" enabled="false" level="WEAK WARNING" enabled_by_default="false" />
  <inspection_tool class="PyStatementEffectInspection" enabled="false" level="WARNING" enabled_by_default="false" />
  <inspection_tool class="PyStringExceptionInspection" enabled="false" level="ERROR" enabled_by_default="false" />
  <inspection_tool class="PyStringFormatInspection" enabled="false" level="WARNING" enabled_by_default="false" />
  <inspection_tool class="PyStubPackagesAdvertiser" enabled="false" level="WARNING" enabled_by_default="false" />
  <inspection_tool class="PyStubPackagesCompatibilityInspection" enabled="false" level="WARNING" enabled_by_default="false" />
  <inspection_tool class="PySuperArgumentsInspection" enabled="false" level="WARNING" enabled_by_default="false" />
  <inspection_tool class="PyTestParametrizedInspection" enabled="false" level="WARNING" enabled_by_default="false" />
  <inspection_tool class="PyTrailingSemicolonInspection" enabled="false" level="WARNING" enabled_by_default="false" />
  <inspection_tool class="PyTupleAssignmentBalanceInspection" enabled="false" level="WARNING" enabled_by_default="false" />
  <inspection_tool class="PyTupleItemAssignmentInspection" enabled="false" level="WARNING" enabled_by_default="false" />
  <inspection_tool class="PyTypeCheckerInspection" enabled="false" level="WARNING" enabled_by_default="false" />
  <inspection_tool class="PyTypeHintsInspection" enabled="false" level="WARNING" enabled_by_default="false" />
  <inspection_tool class="PyUnboundLocalVariableInspection" enabled="false" level="WARNING" enabled_by_default="false" />
  <inspection_tool class="PyUnnecessaryBackslashInspection" enabled="false" level="WARNING" enabled_by_default="false" />
  <inspection_tool class="PyUnreachableCodeInspection" enabled="false" level="WARNING" enabled_by_default="false" />
  <inspection_tool class="PyUnresolvedReferencesInspection" enabled="false" level="WARNING" enabled_by_default="false" />
  <inspection_tool class="PyUnusedLocalInspection" enabled="false" level="WEAK WARNING" enabled_by_default="false">
    <option name="ignoreTupleUnpacking" value="true" />
    <option name="ignoreLambdaParameters" value="true" />
    <option name="ignoreLoopIterationVariables" value="true" />
    <option name="ignoreVariablesStartingWithUnderscore" value="true" />
  </inspection_tool>
  <inspection_tool class="RedundantCast" enabled="true" level="WARNING" enabled_by_default="true" />
  <inspection_tool class="RedundantSuppression" enabled="true" level="WARNING" enabled_by_default="true" />
  <inspection_tool class="RegExpAnonymousGroup" enabled="false" level="WARNING" enabled_by_default="false" />
  <inspection_tool class="RegExpDuplicateAlternationBranch" enabled="true" level="WARNING" enabled_by_default="true" />
  <inspection_tool class="RegExpEmptyAlternationBranch" enabled="true" level="WARNING" enabled_by_default="true" />
  <inspection_tool class="RegExpEscapedMetaCharacter" enabled="true" level="INFORMATION" enabled_by_default="true" />
  <inspection_tool class="RegExpOctalEscape" enabled="true" level="INFORMATION" enabled_by_default="true" />
  <inspection_tool class="RegExpRedundantEscape" enabled="true" level="WARNING" enabled_by_default="true" />
  <inspection_tool class="RegExpRepeatedSpace" enabled="true" level="WARNING" enabled_by_default="true" />
  <inspection_tool class="RegExpSingleCharAlternation" enabled="true" level="WARNING" enabled_by_default="true" />
  <inspection_tool class="RegExpUnexpectedAnchor" enabled="true" level="WARNING" enabled_by_default="true" />
  <inspection_tool class="ReleasingOfAssignProperties" enabled="false" level="WARNING" enabled_by_default="false" />
  <inspection_tool class="RequiredAttributes" enabled="false" level="WARNING" enabled_by_default="false">
    <option name="myAdditionalRequiredHtmlAttributes" value="" />
  </inspection_tool>
  <inspection_tool class="ResourceNotFoundInspection" enabled="true" level="WARNING" enabled_by_default="true" />
  <inspection_tool class="ScalarTypeRequired" enabled="true" level="ERROR" enabled_by_default="true" />
  <inspection_tool class="SetterForReadonlyProperty" enabled="false" level="WARNING" enabled_by_default="false" />
  <inspection_tool class="SeveralTargetsMessage" enabled="false" level="WARNING" enabled_by_default="false" />
  <inspection_tool class="SignednessMismatch" enabled="true" level="WARNING" enabled_by_default="true" />
  <inspection_tool class="SpellCheckingInspection" enabled="true" level="TYPO" enabled_by_default="true">
    <option name="processCode" value="true" />
    <option name="processLiterals" value="true" />
    <option name="processComments" value="true" />
  </inspection_tool>
  <inspection_tool class="SqlAddNotNullColumnInspection" enabled="false" level="WARNING" enabled_by_default="false" />
  <inspection_tool class="SqlAmbiguousColumnInspection" enabled="false" level="WARNING" enabled_by_default="false" />
  <inspection_tool class="SqlAutoIncrementDuplicateInspection" enabled="false" level="WARNING" enabled_by_default="false" />
  <inspection_tool class="SqlCheckUsingColumnsInspection" enabled="false" level="WARNING" enabled_by_default="false" />
  <inspection_tool class="SqlConstantConditionInspection" enabled="false" level="WARNING" enabled_by_default="false" />
  <inspection_tool class="SqlDeprecateTypeInspection" enabled="false" level="WARNING" enabled_by_default="false" />
  <inspection_tool class="SqlDerivedTableAliasInspection" enabled="false" level="WARNING" enabled_by_default="false" />
  <inspection_tool class="SqlDialectInspection" enabled="false" level="WARNING" enabled_by_default="false" />
  <inspection_tool class="SqlDropIndexedColumnInspection" enabled="false" level="WARNING" enabled_by_default="false" />
  <inspection_tool class="SqlErrorHandlingInspection" enabled="false" level="ERROR" enabled_by_default="false" />
  <inspection_tool class="SqlIdentifierInspection" enabled="false" level="WARNING" enabled_by_default="false" />
  <inspection_tool class="SqlInsertValuesInspection" enabled="false" level="WARNING" enabled_by_default="false" />
  <inspection_tool class="SqlJoinWithoutOnInspection" enabled="false" level="WARNING" enabled_by_default="false" />
  <inspection_tool class="SqlNoDataSourceInspection" enabled="false" level="WARNING" enabled_by_default="false" />
  <inspection_tool class="SqlNullComparisonInspection" enabled="false" level="WARNING" enabled_by_default="false" />
  <inspection_tool class="SqlResolveInspection" enabled="false" level="WARNING" enabled_by_default="false" />
  <inspection_tool class="SqlShouldBeInGroupByInspection" enabled="false" level="WARNING" enabled_by_default="false" />
  <inspection_tool class="SqlSideEffectsInspection" enabled="false" level="WARNING" enabled_by_default="false" />
  <inspection_tool class="SqlSignatureInspection" enabled="false" level="WARNING" enabled_by_default="false" />
  <inspection_tool class="SqlStorageInspection" enabled="false" level="WARNING" enabled_by_default="false" />
  <inspection_tool class="SqlTypeInspection" enabled="false" level="WARNING" enabled_by_default="false" />
  <inspection_tool class="SqlUnreachableCodeInspection" enabled="false" level="WARNING" enabled_by_default="false" />
  <inspection_tool class="SqlUnusedSubqueryItemInspection" enabled="false" level="WARNING" enabled_by_default="false" />
  <inspection_tool class="SqlUnusedVariableInspection" enabled="false" level="WARNING" enabled_by_default="false" />
  <inspection_tool class="SqlWithoutWhereInspection" enabled="false" level="WARNING" enabled_by_default="false" />
  <inspection_tool class="StaticnessMismatch" enabled="true" level="ERROR" enabled_by_default="true" />
  <inspection_tool class="StringLocalizationInspection" enabled="false" level="WARNING" enabled_by_default="false" />
  <inspection_tool class="SyntaxError" enabled="true" level="ERROR" enabled_by_default="true" />
  <inspection_tool class="TemplateArgumentsIssues" enabled="true" level="ERROR" enabled_by_default="true" />
  <inspection_tool class="TodoComment" enabled="false" level="WARNING" enabled_by_default="false" />
  <inspection_tool class="UnavailableInDeploymentTarget" enabled="false" level="WARNING" enabled_by_default="false" />
  <inspection_tool class="UnreachableCode" enabled="true" level="WARNING" enabled_by_default="true" />
  <inspection_tool class="UnresolvedCollectionMessage" enabled="false" level="WARNING" enabled_by_default="false" />
  <inspection_tool class="UnresolvedMessage" enabled="false" level="WARNING" enabled_by_default="false" />
  <inspection_tool class="UnresolvedReference" enabled="true" level="ERROR" enabled_by_default="true" />
  <inspection_tool class="UnusedDefine" enabled="false" level="WARNING" enabled_by_default="false" />
  <inspection_tool class="UnusedExpressionResult" enabled="true" level="WARNING" enabled_by_default="true" />
  <inspection_tool class="UnusedImportStatement" enabled="false" level="WARNING" enabled_by_default="false" />
  <inspection_tool class="UnusedIncludeDirective" enabled="false" level="WARNING" enabled_by_default="false" />
  <inspection_tool class="UnusedLocalVariable" enabled="true" level="WARNING" enabled_by_default="true" />
  <inspection_tool class="UnusedLocalization" enabled="true" level="WARNING" enabled_by_default="true" />
  <inspection_tool class="UnusedParameter" enabled="true" level="WARNING" enabled_by_default="true" />
  <inspection_tool class="UnusedValue" enabled="true" level="WARNING" enabled_by_default="true" />
  <inspection_tool class="UsingZeroAsNil" enabled="false" level="WARNING" enabled_by_default="false" />
  <inspection_tool class="ValueMayNotFitIntoReceiver" enabled="true" level="WARNING" enabled_by_default="true" />
  <inspection_tool class="XmlDefaultAttributeValue" enabled="false" level="WARNING" enabled_by_default="false" />
  <inspection_tool class="XmlDeprecatedElement" enabled="false" level="WARNING" enabled_by_default="false" />
  <inspection_tool class="XmlDuplicatedId" enabled="false" level="ERROR" enabled_by_default="false" />
  <inspection_tool class="XmlHighlighting" enabled="false" level="ERROR" enabled_by_default="false" />
  <inspection_tool class="XmlInvalidId" enabled="false" level="ERROR" enabled_by_default="false" />
  <inspection_tool class="XmlPathReference" enabled="false" level="ERROR" enabled_by_default="false" />
  <inspection_tool class="XmlUnboundNsPrefix" enabled="false" level="WARNING" enabled_by_default="false" />
  <inspection_tool class="XmlUnusedNamespaceDeclaration" enabled="false" level="WARNING" enabled_by_default="false" />
  <inspection_tool class="XmlWrongRootElement" enabled="false" level="ERROR" enabled_by_default="false" />
  <inspection_tool class="YAMLDuplicatedKeys" enabled="false" level="ERROR" enabled_by_default="false" />
  <inspection_tool class="YAMLRecursiveAlias" enabled="false" level="ERROR" enabled_by_default="false" />
  <inspection_tool class="YAMLSchemaValidation" enabled="false" level="WARNING" enabled_by_default="false" />
  <inspection_tool class="YAMLUnresolvedAlias" enabled="false" level="ERROR" enabled_by_default="false" />
  <inspection_tool class="YAMLUnusedAnchor" enabled="false" level="WARNING" enabled_by_default="false" />
</profile>