<application>
  <component name="ProjectJdkTable">
    <jdk version="2">
      <name value="conda base Python 3.6" />
      <type value="Python SDK" />
      <version value="Python 3.6.8" />
      <homePath value="$USER_HOME$/anaconda3/bin/python3.6" />
      <roots>
        <classPath>
          <root type="composite">
            <root url="file://$USER_HOME$/anaconda3/lib/python3.6" type="simple" />
            <root url="file://$USER_HOME$/anaconda3/lib/python3.6/lib-dynload" type="simple" />
            <root url="file://$USER_HOME$/.local/lib/python3.6/site-packages" type="simple" />
            <root url="file://$USER_HOME$/anaconda3/lib/python3.6/site-packages" type="simple" />
            <root url="file://$USER_HOME$/anaconda3/lib/python3.6/site-packages/aeosa" type="simple" />
            <root url="file://$USER_HOME$/Library/Caches/PyCharm2018.3/python_stubs/-253016401" type="simple" />
            <root url="file://$APPLICATION_HOME_DIR$/helpers/python-skeletons" type="simple" />
            <root url="file://$APPLICATION_HOME_DIR$/helpers/typeshed/stdlib/3" type="simple" />
            <root url="file://$APPLICATION_HOME_DIR$/helpers/typeshed/stdlib/2and3" type="simple" />
            <root url="file://$APPLICATION_HOME_DIR$/helpers/typeshed/third_party/3" type="simple" />
            <root url="file://$APPLICATION_HOME_DIR$/helpers/typeshed/third_party/2and3" type="simple" />
          </root>
        </classPath>
        <sourcePath>
          <root type="composite" />
        </sourcePath>
      </roots>
      <additional />
    </jdk>
    <jdk version="2">
      <name value="Python 2.7" />
      <type value="Python SDK" />
      <version value="Python 2.7.10" />
      <homePath value="/usr/bin/python2.7" />
      <roots>
        <classPath>
          <root type="composite">
            <root url="file:///System/Library/Frameworks/Python.framework/Versions/2.7/lib/python2.7" type="simple" />
            <root url="file:///System/Library/Frameworks/Python.framework/Versions/2.7/lib/python2.7/plat-darwin" type="simple" />
            <root url="file:///System/Library/Frameworks/Python.framework/Versions/2.7/lib/python2.7/plat-mac" type="simple" />
            <root url="file:///System/Library/Frameworks/Python.framework/Versions/2.7/lib/python2.7/plat-mac/lib-scriptpackages" type="simple" />
            <root url="file:///System/Library/Frameworks/Python.framework/Versions/2.7/lib/python2.7/lib-tk" type="simple" />
            <root url="file:///System/Library/Frameworks/Python.framework/Versions/2.7/lib/python2.7/lib-dynload" type="simple" />
            <root url="file:///Library/Python/2.7/site-packages" type="simple" />
            <root url="file:///System/Library/Frameworks/Python.framework/Versions/2.7/Extras/lib/python" type="simple" />
            <root url="file:///System/Library/Frameworks/Python.framework/Versions/2.7/Extras/lib/python/PyObjC" type="simple" />
            <root url="file://$USER_HOME$/Library/Caches/PyCharm2018.3/python_stubs/-1247972723" type="simple" />
            <root url="file://$APPLICATION_HOME_DIR$/helpers/python-skeletons" type="simple" />
            <root url="file://$APPLICATION_HOME_DIR$/helpers/typeshed/stdlib/2" type="simple" />
            <root url="file://$APPLICATION_HOME_DIR$/helpers/typeshed/stdlib/2and3" type="simple" />
            <root url="file://$APPLICATION_HOME_DIR$/helpers/typeshed/third_party/2" type="simple" />
            <root url="file://$APPLICATION_HOME_DIR$/helpers/typeshed/third_party/2and3" type="simple" />
          </root>
        </classPath>
        <sourcePath>
          <root type="composite" />
        </sourcePath>
      </roots>
      <additional />
    </jdk>
    <jdk version="2">
      <name value="conda Python 3.8 (pytorch)" />
      <type value="Python SDK" />
      <version value="Python 3.8.12" />
      <homePath value="$USER_HOME$/anaconda3/envs/pytorch/bin/python" />
      <roots>
        <classPath>
          <root type="composite">
            <root url="file://$USER_HOME$/anaconda3/envs/pytorch/lib/python3.8" type="simple" />
            <root url="file://$USER_HOME$/anaconda3/envs/pytorch/lib/python3.8/lib-dynload" type="simple" />
            <root url="file://$USER_HOME$/anaconda3/envs/pytorch/lib/python3.8/site-packages" type="simple" />
            <root url="file://$USER_HOME$/Library/Caches/PyCharm2018.3/python_stubs/659955521" type="simple" />
            <root url="file://$APPLICATION_HOME_DIR$/helpers/python-skeletons" type="simple" />
            <root url="file://$APPLICATION_HOME_DIR$/helpers/typeshed/stdlib/3" type="simple" />
            <root url="file://$APPLICATION_HOME_DIR$/helpers/typeshed/stdlib/2and3" type="simple" />
            <root url="file://$APPLICATION_HOME_DIR$/helpers/typeshed/third_party/3" type="simple" />
            <root url="file://$APPLICATION_HOME_DIR$/helpers/typeshed/third_party/2and3" type="simple" />
          </root>
        </classPath>
        <sourcePath>
          <root type="composite" />
        </sourcePath>
      </roots>
      <additional ASSOCIATED_PROJECT_PATH="$USER_HOME$/GitHubProject/pytorch-handbook-master" />
    </jdk>
  </component>
</application>