<application>
  <component name="NodeJsLocalInterpreters">
    <local-interpreter path="/usr/local/bin/node" />
  </component>
  <component name="PropertiesComponent">
    <property name="CommitChangeListDialog.DETAILS_SPLITTER_PROPORTION_2" value="0.65597665" />
    <property name="Copy.OpenInEditor" value="true" />
    <property name="ExpandBeforeRunStepsPanel" value="true" />
    <property name="ExpandRunDashboardTypesPanel" value="false" />
    <property name="ExternalToolDialog.advanced.expanded" value="true" />
    <property name="FileTemplates.SelectedTemplate" value="HTML File" />
    <property name="InstalledPluginsSearchHistory" value="idea" />
    <property name="PACKAGE_FILTER" value="nmap&#10;ctype&#10;opencv-python&#10;scipy&#10;numpy" />
    <property name="PluginConfigurable.selectionTab" value="2" />
    <property name="PyCharm.InitialConfiguration" value="true" />
    <property name="PyCharm.InitialConfiguration.V2" value="true" />
    <property name="PyCharm.InitialConfiguration.V3" value="true" />
    <property name="PyCharm.InitialConfiguration.V4" value="true" />
    <property name="PyCharm.InitialConfiguration.V5" value="true" />
    <property name="PyCharm.InitialConfiguration.V6" value="true" />
    <property name="PyCharm.InitialConfiguration.V7" value="true" />
    <property name="PyCharm.initialConfigurationShown" value="true" />
    <property name="PythonUnitTestRunnerSupport.hideIgnoredTests" value="true" />
    <property name="SettingsSearchHistory" value="file&#10;temp&#10;language&#10;lana&#10;update" />
    <property name="SqlStructureView.filterD.file.structure.state" value="true" />
    <property name="TrendingPluginsSearchHistory" value="markdown&#10;ideaVim&#10;trans" />
    <property name="cn.yiiguxing.plugin.translate.version" value="2.3" />
    <property name="evlsprt3.183" value="18" />
    <property name="file.chooser.recent.files" value="$USER_HOME$/anaconda3/envs/pytorch/bin/python&#10;/Users/ljjia/anaconda3/python.app/Contents/MacOS/python" />
    <property name="file.gist.reindex.count" value="87066" />
    <property name="fileTypeChangedCounter" value="1" />
    <property name="lastTip" value="1" />
    <property name="plugins.preselection.path" value="$USER_HOME$/Downloads/TranslationPlugin/lib" />
    <property name="ts.lib.d.ts.version" value="3.2.1" />
  </component>
  <component name="PyTestFrameworkService">
    <option name="SDK_TO_PYTEST">
      <map>
        <entry key="$USER_HOME$/anaconda3/envs/pytorch/bin/python" value="false" />
        <entry key="$USER_HOME$/anaconda3/python.app/Contents/MacOS/python" value="true" />
        <entry key="/usr/bin/python2.7" value="false" />
      </map>
    </option>
    <option name="SDK_TO_NOSETEST">
      <map>
        <entry key="$USER_HOME$/anaconda3/envs/pytorch/bin/python" value="false" />
        <entry key="$USER_HOME$/anaconda3/python.app/Contents/MacOS/python" value="true" />
        <entry key="/usr/bin/python2.7" value="false" />
      </map>
    </option>
    <option name="SDK_TO_TRIALTEST">
      <map>
        <entry key="$USER_HOME$/anaconda3/envs/pytorch/bin/python" value="false" />
        <entry key="$USER_HOME$/anaconda3/python.app/Contents/MacOS/python" value="true" />
        <entry key="/usr/bin/python2.7" value="false" />
      </map>
    </option>
  </component>
</application>