<application>
  <component name="AppStorage">
    <histories>
      <item value="响应" />
      <item value="except" />
      <item value="自我介绍" />
      <item value="partial" />
      <item value="pile" />
      <item value="deprecated" />
      <item value="Backend MacOSX is interactive backend. Turning interactive mode on" />
      <item value="interactive" />
      <item value="解压" />
      <item value="to be specified before mcast-group or host like all options" />
      <item value="usage: ping [-AaDdfnoQqRrv] [-c count] [-G sweepmaxsize] [-g sweepminsize] [-h sweepincrsize] [-i wait] [-l preload] [-M mask | time] [-m ttl] [-p pattern] [-S src_addr] [-s packetsize] [-t timeout][-W waittime] [-z tos] host ping [-AaDdfLnoQqRrv] [-c count] [-I iface] [-i wait] [-l preload] [-M mask | time] [-m ttl] [-p pattern] [-S src_addr] [-s packetsize] [-T ttl] [-t timeout] [-W waittime] [-z tos] mcast-group&#10;Apple specific options (to be specified before mcast-group or host like all options) -b boundif # bind the socket to the interface -k traffic_class # set traffic class socket option -K net_service_type # set traffic class socket options -apple-connect # call connect(2) in the socket -apple-time # display current time" />
      <item value="stub item" />
      <item value="Universally Unique Identifier" />
      <item value="几个" />
      <item value="多个文件" />
      <item value="过滤" />
      <item value="分离" />
      <item value="axis 1 is out of bounds for array of dimension 1" />
      <item value="间隔符" />
      <item value="列" />
      <item value="判断" />
      <item value="乘" />
      <item value="白色边框" />
      <item value="border" />
      <item value="Scientific mode is a tool window layout optimized for data science work" />
      <item value="Would you like to turn scientific mode on" />
      <item value="Not Implemented Error" />
      <item value="hello" />
    </histories>
    <option name="languageScores">
      <map>
        <entry key="CHINESE" value="9" />
        <entry key="ENGLISH" value="10" />
      </map>
    </option>
  </component>
</application>