<application>
  <component name="CppNewDialogSettings">
    <option name="addNewFilesToProject" value="false" />
  </component>
  <component name="PropertiesComponent">
    <property name="ColorChooser.RecentColors" value="218-221-184-255,,,195-115-170-255,,,195-62-113-255,,,195-53-98-255,,,195-77-133-255,,,177-70-120-255,,,175-195-120-255,,,195-143-144-255,,,195-121-134-255,,,169-195-123-255,,,195-190-125-255,,,192-195-101-255,,,175-195-110-255,,,193-195-111-255,,,126-195-151-255,,,154-137-195-255,,,195-132-143-255,,,188-195-77-255,,,195-109-33-255,,,125-153-227-255" />
    <property name="CommitChangeListDialog.DETAILS_SPLITTER_PROPORTION_2" value="0.62028986" />
    <property name="Darcula.SavedEditorTheme" value="_@user_Material Darker" />
    <property name="Default.SavedEditorTheme" value="_@user_Default" />
    <property name="FileTemplates.CurrentTab" value="包含" />
    <property name="FileTemplates.SelectedTemplate" value="C File Header" />
    <property name="KEYMAP" value="select&#10;驼峰" />
    <property name="PluginConfigurable.selectionTab" value="1" />
    <property name="SettingsSearchHistory" value="touch&#10;template&#10;whole&#10;select whole&#10;驼峰" />
    <property name="TrendingPluginsSearchHistory" value="theme&#10;vscode" />
    <property name="export.settings.path" value="$USER_HOME$/CCppCode/ClionConfig/setting/Clion_settings.zip" />
    <property name="file.gist.reindex.count" value="683" />
    <property name="fileTypeChangedCounter" value="8" />
    <property name="lastTip" value="15" />
    <property name="org.intellij.images.editor.actions.BackgroundImageDialog#recent" value="" />
    <property name="selected.color.option.type" value="IDENTIFIER_UNDER_CARET_ATTRIBUTES" />
    <property name="settings.code.style.selected.tab.ObjectiveC" value="空行" />
  </component>
</application>